{
  "item-states": [
    {
      "folded": false,
      "id": "mount-assets"
    },
    {
      "folded": false,
      "id": "695f9a09-a3e3-4f9b-ac68-faec8b81d43c"
    },
    {
      "folded": false,
      "id": "7751c5a9-f2ce-4fb6-a246-6abfca16392a"
    },
    {
      "folded": false,
      "id": "04cba62d-a309-48aa-986f-2a1606d4a306"
    },
    {
      "folded": false,
      "id": "abbcf0b6-1a58-424f-b11d-fc01799b0822"
    },
    {
      "folded": false,
      "id": "4bb8806a-3f39-4a1f-a597-b4f046c16222"
    },
    {
      "folded": true,
      "id": "fe5db8d0-7315-4050-aa2c-57b7a454521b"
    },
    {
      "folded": true,
      "id": "81ce1282-130f-4b92-9a0b-799facfc9b4e"
    },
    {
      "folded": true,
      "id": "ce03923a-db05-4502-a892-18b34c54c739"
    },
    {
      "folded": true,
      "id": "7e2eeeab-1d73-4406-8931-95ab729d36c6"
    },
    {
      "folded": true,
      "id": "45308b71-245f-40e1-bb5e-d5bf1a243ca3"
    },
    {
      "folded": true,
      "id": "0637a4ce-1164-414a-a9b6-9893017377f3"
    },
    {
      "folded": true,
      "id": "753c3609-ed41-4e1d-90d8-c982faa1c403"
    },
    {
      "folded": true,
      "id": "2d3f0174-43ba-4152-86da-01b7092b4fde"
    },
    {
      "folded": true,
      "id": "9e55b965-304f-4a19-9976-e1efe479e7a4"
    }
  ]
}