{
  "753c3609-ed41-4e1d-90d8-c982faa1c403": {
    "asset": 1477544693435,
    "meta": 1477544693458,
    "relativePath": "textures\\Enemy\\blue.png"
  },
  "2d3f0174-43ba-4152-86da-01b7092b4fde": {
    "asset": 1477544693420,
    "meta": 1477544693459,
    "relativePath": "textures\\Enemy\\gray.png"
  },
  "0637a4ce-1164-414a-a9b6-9893017377f3": {
    "asset": 1477544693444,
    "meta": 1477544693471,
    "relativePath": "textures\\Enemy\\red.png"
  },
  "9e55b965-304f-4a19-9976-e1efe479e7a4": {
    "asset": 1477544693436,
    "meta": 1477544693475,
    "relativePath": "textures\\Enemy\\yellow.png"
  },
  "abbcf0b6-1a58-424f-b11d-fc01799b0822": {
    "asset": 1478752147630,
    "meta": 1478752292817,
    "relativePath": "textures"
  },
  "3d7e098c-b002-4f2e-bff3-4692f5d2f516": {
    "asset": 1478758472175,
    "meta": 1478758472182,
    "relativePath": "Scene\\Game Scene.fire"
  },
  "81ce1282-130f-4b92-9a0b-799facfc9b4e": {
    "asset": 1477546471497,
    "meta": 1477546471516,
    "relativePath": "textures\\shot4.png"
  },
  "7e2eeeab-1d73-4406-8931-95ab729d36c6": {
    "asset": 1477546471498,
    "meta": 1477546471517,
    "relativePath": "textures\\shot1.png"
  },
  "45308b71-245f-40e1-bb5e-d5bf1a243ca3": {
    "asset": 1477546471498,
    "meta": 1477546471520,
    "relativePath": "textures\\shot2.png"
  },
  "ce03923a-db05-4502-a892-18b34c54c739": {
    "asset": 1477546471498,
    "meta": 1477546471521,
    "relativePath": "textures\\shot3.png"
  },
  "4bb8806a-3f39-4a1f-a597-b4f046c16222": {
    "asset": 1477546666658,
    "meta": 1477550439734,
    "relativePath": "textures\\Enemy"
  },
  "695f9a09-a3e3-4f9b-ac68-faec8b81d43c": {
    "asset": 1477546694350,
    "meta": 1477550439734,
    "relativePath": "Scene"
  },
  "7751c5a9-f2ce-4fb6-a246-6abfca16392a": {
    "asset": 1478755316421,
    "meta": 1478756353488,
    "relativePath": "Sprite"
  },
  "2c333d56-56d4-4f2d-ab29-bf5dcf93a0ea": {
    "asset": 1478758465163,
    "meta": 1478758465249,
    "relativePath": "Sprite\\Bar.js"
  },
  "fe5db8d0-7315-4050-aa2c-57b7a454521b": {
    "asset": 1478752145592,
    "meta": 1478752145603,
    "relativePath": "textures\\bar.png"
  },
  "a4c09a63-d6ea-46d3-b383-4a0674232236": {
    "asset": 1478756920321,
    "meta": 1478756920397,
    "relativePath": "Sprite\\Enemy.js"
  },
  "04cba62d-a309-48aa-986f-2a1606d4a306": {
    "asset": 1478755888876,
    "meta": 1478756353488,
    "relativePath": "prefab"
  },
  "a20805ec-83b8-4cd5-b3f6-9e5331bf150d": {
    "asset": 1478756131007,
    "meta": 1478756131026,
    "relativePath": "Sprite\\Shot1.js"
  },
  "2767917b-cfa8-49a7-889d-9f93d9f8842c": {
    "asset": 1478756868205,
    "meta": 1478756868213,
    "relativePath": "prefab\\shot1.prefab"
  },
  "f8e6b000-5643-4b86-9080-aa680ce1f599": {
    "asset": 1475024469772,
    "meta": 1478757367504,
    "relativePath": "image"
  },
  "71561142-4c83-4933-afca-cb7a17f67053": {
    "asset": 1471595164000,
    "meta": 1478757367565,
    "relativePath": "image\\default_btn_disabled.png"
  },
  "e851e89b-faa2-4484-bea6-5c01dd9f06e2": {
    "asset": 1471595164000,
    "meta": 1478757367573,
    "relativePath": "image\\default_btn_normal.png"
  },
  "b43ff3c2-02bb-4874-81f7-f2dea6970f18": {
    "asset": 1471595164000,
    "meta": 1478757367584,
    "relativePath": "image\\default_btn_pressed.png"
  },
  "d81ec8ad-247c-4e62-aa3c-d35c4193c7af": {
    "asset": 1471595164000,
    "meta": 1478757367594,
    "relativePath": "image\\default_panel.png"
  },
  "99170b0b-d210-46f1-b213-7d9e3f23098a": {
    "asset": 1471595164000,
    "meta": 1478757367603,
    "relativePath": "image\\default_progressbar_bg.png"
  },
  "cfef78f1-c8df-49b7-8ed0-4c953ace2621": {
    "asset": 1471595164000,
    "meta": 1478757367612,
    "relativePath": "image\\default_progressbar.png"
  },
  "4bab67cb-18e6-4099-b840-355f0473f890": {
    "asset": 1471595164000,
    "meta": 1478757367620,
    "relativePath": "image\\default_scrollbar_bg.png"
  },
  "617323dd-11f4-4dd3-8eec-0caf6b3b45b9": {
    "asset": 1471595164000,
    "meta": 1478757367629,
    "relativePath": "image\\default_scrollbar_vertical_bg.png"
  },
  "d6d3ca85-4681-47c1-b5dd-d036a9d39ea2": {
    "asset": 1471595164000,
    "meta": 1478757367638,
    "relativePath": "image\\default_scrollbar_vertical.png"
  },
  "0291c134-b3da-4098-b7b5-e397edbe947f": {
    "asset": 1471595164000,
    "meta": 1478757367647,
    "relativePath": "image\\default_scrollbar.png"
  },
  "0275e94c-56a7-410f-bd1a-fc7483f7d14a": {
    "asset": 1471595164000,
    "meta": 1478757367655,
    "relativePath": "image\\default_sprite_splash.png"
  },
  "6e056173-d285-473c-b206-40a7fff5386e": {
    "asset": 1471595164000,
    "meta": 1478757367663,
    "relativePath": "image\\default_sprite.png"
  },
  "fc09f9bd-2cce-4605-b630-8145ef809ed6": {
    "asset": 1475024469788,
    "meta": 1478757367671,
    "relativePath": "misc"
  },
  "2be36297-9abb-4fee-8049-9ed5e271da8a": {
    "asset": 1471595164000,
    "meta": 1471595164000,
    "relativePath": "misc\\default_video.mp4"
  },
  "f6e6dd15-71d1-4ffe-ace7-24fd39942c05": {
    "asset": 1475024474499,
    "meta": 1478757367689,
    "relativePath": "obsolete"
  },
  "b8223619-7e38-47c4-841f-9160c232495a": {
    "asset": 1471595164000,
    "meta": 1471595164000,
    "relativePath": "obsolete\\atom.plist"
  },
  "f743d2b6-b7ea-4c14-a55b-547ed4d0a045": {
    "asset": 1475024469819,
    "meta": 1478757367699,
    "relativePath": "particle"
  },
  "b2687ac4-099e-403c-a192-ff477686f4f5": {
    "asset": 1471595164000,
    "meta": 1471595164000,
    "relativePath": "particle\\atom.plist"
  },
  "ae6c6c98-11e4-452f-8758-75f5c6a56e83": {
    "asset": 1475024477916,
    "meta": 1478757367741,
    "relativePath": "prefab"
  },
  "972b9a4d-47ee-4c74-b5c3-61d8a69bc29f": {
    "asset": 1471595164000,
    "meta": 1478757367785,
    "relativePath": "prefab\\button.prefab"
  },
  "2c937608-2562-40ea-b264-7395df6f0cea": {
    "asset": 1471595164000,
    "meta": 1478757367792,
    "relativePath": "prefab\\canvas.prefab"
  },
  "61aeb05b-3b32-452b-8eed-2b76deeed554": {
    "asset": 1471595164000,
    "meta": 1478757367799,
    "relativePath": "prefab\\editbox.prefab"
  },
  "27756ebb-3d33-44b0-9b96-e858fadd4dd4": {
    "asset": 1471595164000,
    "meta": 1478757367805,
    "relativePath": "prefab\\label.prefab"
  },
  "785a442c-3ceb-45be-a46e-7317f625f3b9": {
    "asset": 1471595164000,
    "meta": 1478757367811,
    "relativePath": "prefab\\layout.prefab"
  },
  "cd33edea-55f5-46c2-958d-357a01384a36": {
    "asset": 1471595164000,
    "meta": 1478757367817,
    "relativePath": "prefab\\particlesystem.prefab"
  },
  "5965ffac-69da-4b55-bcde-9225d0613c28": {
    "asset": 1471595164000,
    "meta": 1478757367824,
    "relativePath": "prefab\\progressBar.prefab"
  },
  "32044bd2-481f-4cf1-a656-e2b2fb1594eb": {
    "asset": 1471595164000,
    "meta": 1478757367831,
    "relativePath": "prefab\\scrollview.prefab"
  },
  "1f55e3be-b89b-4b79-88de-47fd31018044": {
    "asset": 1471595164000,
    "meta": 1478757367838,
    "relativePath": "prefab\\sprite_splash.prefab"
  },
  "96083d03-c332-4a3f-9386-d03e2d19e8ee": {
    "asset": 1471595164000,
    "meta": 1478757367845,
    "relativePath": "prefab\\sprite.prefab"
  },
  "7de03a80-4457-438d-95a7-3e7cdffd6086": {
    "asset": 1471595164000,
    "meta": 1478757367851,
    "relativePath": "prefab\\tiledmap.prefab"
  },
  "232d2782-c4bd-4bb4-9e01-909f03d6d3b9": {
    "asset": 1471595164000,
    "meta": 1478757367857,
    "relativePath": "prefab\\videoplayer.prefab"
  },
  "8c5001fd-07ee-4a4b-a8a0-63e15195e94d": {
    "asset": 1471595164000,
    "meta": 1478757367863,
    "relativePath": "prefab\\webview.prefab"
  }
}